Target No.,!TITLE!_JAPANESE,,,,,,,,,,,,T,!INDEX!
,,,,,,,,,,,,,,
,Unit(inch),BASE,USER,S,M,L,LL,*,*,*,*,*,�ʒu�ݒ�,%A0003
,WG<-->Shape,0,0,0,0,0,0,0,0,0,0,0,-,%A0056
,One-piece dress length,41.3386,41.3386,40.9449,41.3386,41.7323,42.1260,,,,,,T_Y/117/101/B_L/4595/4596,%T9001
T001,Body length,22.0472,  ,21.25,22.0625,22.84375,23.625,,,,,,Y/101/117,%A0251
,Back center length,,,,,,,,,,,,X/4000/4001/Y/3900/3901,%A0389
,Side length,,,,,,,,,,,,Y/107/116,%A0390
T002,Chest width,16.5354,16.53125,15.34375,16.53125,17.71875,19.09375,,,,,,BX/107/117,%A0097
T003,Shoulder width,13.3858,13.375,12.78125,13.375,13.96875,14.5625,,,,,,BX/102/117,%A0324
T010,Shoulder drop,,,,,,,,,,,,Y/102/101,%A0323
,Darts width,,,,,,,,,,,,L/4003/4005/L/4033/4035,%A0391
T069,Bust pos. from top,,,,,,,,,,,,Y/101/103,%A0252
T026,Front bust width,12.5984,12.59375,12,12.59375,13.1875,13.78125,,,,,,BX/103/117,%A0278
T006,Back bust width,,,,,,,,,,,,BX/3/21,%A0241
T005,Back neck width,6.4961,6.5,6.3125,6.5,6.6875,6.875,,,,,,BX/101/117,%A0244
,-,,,,,,,,,,,,-,%A0414
,Front neck drop (to fabric edge),0,0,0,0,0,0,,,,,,Y/520/101,%A0281
T007,Front neck drop (to linkline),1.5748,1.5625,1.5625,1.5625,1.5625,1.5625,,,,,,Y/520/101,%A0282
T009,Back neck drop ,0.7874,0.78125,0.59375,0.78125,0.96875,1.1875,,,,,,Y/501/1,%A0243
T011,Straight A.H.,7.4803,7.46875,7.09375,7.46875,7.875,8.28125,,,,,,L/102/107,%A0331
T023,Under arm pos. from top,,,,,,,,,,,,Y/101/107,%A0340
T028,Waist pos. from top,14.7638,14.75,14.375,14.75,15.15625,15.5625,,,,,,Y/101/110,%A0347
T022,@24 Waist width,15.3543,15.34375,14.1875,15.34375,16.53125,17.90625,,,,,,BX/110/117,%A0071
T013,@31 Hem length,1.9685,1.96875,1.96875,1.96875,1.96875,2.375,,,,,,Y/115/116,%A0074
T012,@24 Hem width,16.5354,16.53125,15.34375,16.53125,17.71875,19.09375,,,,,,BX/116/117,%A0070
,,,,,,,,,,,,,,
,,,,,,,,,,,,,,
,,,,,,,,,,,,,,
,,,,,,,,,,,,,,
,,,,,,,,,,,,,,
,,,,,,,,,,,,,,
,,,,,,,,,,,,,,
,,,,,,,,,,,,,,
,,,,,,,,,,,,,,
,,,,,,,,,,,,,,
,,,,,,,,,,,,,,
,,,,,,,,,,,,,,
,,,,,,,,,,,,,,
,,,,,,,,,,,,,,
,Total sleeve length,22.0472,22.0472,21.6535,22.0472,22.4409,22.8346,,,,,,T_L/202/215/C_L/6898/6662,%T9002
T063,Sleeve length,22.0472,22.0625,21.65625,22.0625,22.4375,22.84375,,,,,,SY/202/215,%A0328
,Total neck to sleeve length,28.7402,28.7402,28.3465,28.7402,29.1339,29.5276,,,,,,T_L/2497/2401/X/2401/2431/C_L/6898/6662,%T9003
T014,Neck to sleeve length,,,,0,,,,,,,,L/2497/2401/X/2401/2431,%A0300
T016,@46 Sleeve width,5.7087,5.71875,5.3125,5.71875,6.09375,6.5,,,,,,SX/229/201,%A0098
T019,@32 Cuff length,1.9685,1.96875,1.96875,1.96875,1.96875,1.96875,,,,,,SY/234/233,%A0075
T017,@47 Cuff width,4.1339,4.125,3.9375,4.125,4.34375,4.625,,,,,,SX/215/234,%A0099
,,,,,,,,,,,,,,
,,,,,,,,,,,,,,
,,,,,,,,,,,,,,
,,,,,,,,,,,,,,
,,,,,,,,,,,,,,
,,,,,,,,,,,,,,
,,,,,,,,,,,,,,
,,,,,,,,,,,,,,
,,,,,,,,,,,,,,
,,,,,,,,,,,,,,
,,,,,,,,,,,,,,
,,,,,,,,,,,,,,
,,,,,,,,,,,,,,
T050,Collar width,5.9055,5.90625,5.90625,5.90625,5.90625,5.90625,,,,,,Y/1001/1002,%A0111
,@9# Collar width,,5.91,5.91,5.91,5.91,,,,,,,Y/1051/1050,%A0120
T042,Straight part(bottom of F neck line),0.7874,0.78125,0.78125,0.78125,0.96875,1.1875,,,,,,BX/521/520,%A0334
,Straight part(bottom of B neck line),,,,,,,,,,,,BX/501/502,%A0333
,SP neck width,,,,,,,,,,,,L/566/101,%A0330
,Connect pos. after SP neck,,,,,,,,,,,,-,%A0026
T043,V neckline adjust,,,,,,,,,,,,L/582/584,%A0343
,V back neckline adjust,,,,,,,,,,,,L/803/804,%A0342
,,,,,,,,,,,,,,
,,,,,,,,,,,,,,
,Neckline vertical size,,,,,,,,,,,,L/125/101,%A0386
,,,,,,,,,,,,,,
T020,Bind off width(front),0.3937,0.40625,0.40625,0.40625,0.40625,0.59375,,,,,,L/107/106,%A0250
T021,Bind off width(back),,,,,,,,,,,,L/7/6,%A0249
,A.H. trim width,,,,,,,,,,,,X/103/3643,%A0131
,@9# A.H. trim width,,,,,,,,,,,,X/103/3643,%A0130
,,,,,,,,,,,,,,
,,,,,,,,,,,,,,
T032,Curve part/A.H.depth ratio,0.3,0.3125,0.3125,0.3125,0.3125,0.3125,,,,,,Y/102/107/Y/107/105,%A0264
T033,Curve part/A.H.depth(B) ratio,,,,,,,,,,,,-,%A0265
,,,,,,,,,,,,,,
,,,,,,,,,,,,,,
,,,,,,,,,,,,,,
,AH�̐��@������Ƃ�����,,,,,,,,,,,,,
,�������ȁH,,,,,,,,,,,,,
,,,,,,,,,,,,,,
,,,,,,,,,,,,,,
,,,,,,,,,,,,,,
,,,,,,,,,,,,,,
,,,,,,,,,,,,,,
,,,,,,,,,,,,,,
,,,1.00,1.00,1.00,1.00,,,,,,,,
,,,,,,,,,,,,,,
,,,,,,,,,,,,,,
,,,,,,,,,,,,,,
,,,,,,,,,,,,,,
,,,,,,,,,,,,,,
,,,,,,,,,,,,,-,
,,,,,,,,,,,,,,
,,,,,,,,,,,,,,
T044,Chest straight part,0.3937,0.40625,0.40625,0.40625,0.40625,0.40625,,,,,,Y/107/108,%A0256
T045,Waist straight part,0.7874,0.78125,0.78125,0.78125,0.78125,0.78125,,,,,,Y/109/111,%A0348
T047,Hem straight part,0.3937,0.40625,0.40625,0.40625,0.40625,0.40625,,,,,,Y/114/115,%A0291
T027,Straight part(sleeve width),0.3937,0.40625,0.40625,0.40625,0.40625,0.40625,,,,,,L/229/230,%A0337
,,,,,,,,,,,,,,
,,,,,,,,,,,,,,
,,,,,,,,,,,,,,
,,,,,,,,,,,,,,
,,,,,,,,,,,,,,
,,,,,,,,,,,,,,
T039,Diff. of body width(F>B),,,,,,,,,,,,X/107/121/X/7/21,%A0268
T067,Ease for A.H. (back body),0,0.40625,0.40625,0.40625,0.59375,0.59375,,,,,,Y/5/3,%A0325
T068,Ease below front side,,,,,,,,,,,,L/115/114/L/114/111/L/111/109/L/109/108/L/108/107,%A0381
,Len. to turn back F shoulder(N.P.),,,,,,,,,,,,L/101/2051,%A0297
,Len. to turn back F shoulder(S.P.),,,,,,,,,,,,L/102/2052,%A0298
,,,,,,,,,,,,,,
,,,,,,,,,,,,,,
,,,,,,,,,,,,,,
,,,,,,,,,,,,,,
,,,,,,,,,,,,,,
,,,,,,,,,,,,,,
,,,,,,,,,,,,,,
,,,,,,,,,,,,,,
,,,,,,,,,,,,,,
,,,,,,,,,,,,,,
,,,,,,,,,,,,,,
,,,,,,,,,,,,,,
,,,,,,,,,,,,,,
,,,,,,,,,,,,,,
,,,,,,,,,,,,,,
T051,Height of sleeve cap,,,,,,,,,,,,SY/202/201,%A0290
,Width of flat sleeve cap,,,,,,,,,,,,LL2/224/202/LL2/202/204,%A0356
,Width of flat sleeve cap(half body),,,,,,,,,,,,LL2/224/202,%A0438
,,,,,,,,,,,,,,
,Sleeve cap expand width (upper),,,,,,,,,,,,SX/2322/201,%A0245
,Sleeve cap expand width (lower),,,,,,,,,,,,SX/2321/201,%A0246
,,,,,,,,,,,,,,
,,,,,,,,,,,,,,
T052,Fullness of sleeve cap,,,,,,,,,,,,LL/229/202/2321/LL/202/209/2301,%A0284
,,,,,,,,,,,,,,
,,,,,,,,,,,,,,
,,,,,,,,,,,,,,
,Height of sleeve cap width 1,,,,,,,,,,,,SY/201/2323,%A0428
,Sleeve cap width 1,,,,,,,,,,,,SX/2323/201,%A0429
,Height of sleeve cap width 2,,,,,,,,,,,,SY/201/2322,%A0430
,Sleeve cap width 2,,,,,,,,,,,,SX/2322/201,%A0431
,Height of sleeve cap width 3,,,,,,,,,,,,SY/201/2321,%A0432
,Sleeve cap width 3,,,,,,,,,,,,SX/2321/201,%A0433
,Height of sleeve cap width 4,,,,,,,,,,,,SY/201/2320,%A0434
,Sleeve cap width 4,,,,,,,,,,,,SX/2320/201,%A0435
,Height of sleeve cap width 5,,,,,,,,,,,,SY/201/2319,%A0436
,Sleeve cap width 5,,,,,,,,,,,,SX/2319/201,%A0437
,�\���F���R���P����,,,,,,,,,,,,,
,�\���F���R���P,,,,,,,,,,,,,
,�\���F���R��2����,,,,,,,,,,,,,
,�\���F���R��2,,,,,,,,,,,,,
,�\���F���R��3����,,,,,,,,,,,,,
,�\���F���R��3,,,,,,,,,,,,,
,�\���F���R��4����,,,,,,,,,,,,,
,�\���F���R��4,,,,,,,,,,,,,
,�\���F���R��5����,,,,,,,,,,,,,
,�\���F���R��5,,,,,,,,,,,,,
,,,,,,,,,,,,,,
,,,,,,,,,,,,,,
T070,Under arm sleeve length,,,,,,,,,,,,SY/229/215,%A0341
,,,,,,,,,,,,,,
T031,Arm length(pair with arm width),,,,,,,,,,,,SY/232/234,%A0236
T030,Sleeve expand width(arm width),,,,,,,,,,,,SX/232/201,%A0327
,,,,,,,,,,,,,,
,,,,,,,,,,,,,,
,,,,,,,,,,,,,,
,,,,,,,,,,,,,,
,,,,,,,,,,,,,,
,,,,,,,,,,,,,,
,,,,,,,,,,,,,,
,,,,,,,,,,,,,,
,,,,,,,,,,,,,,
,,,,,,,,,,,,,,
,,,,,,,,,,,,,,
,,,,,,,,,,,,,,
,Raglan pos.,,,,,,,,,,,,L/2401/2447,%A0309
T038,B Raglan pos.,,,,,,,,,,,,LL/2401/2434/2437,%A0238
,Bind off amount of sleeve joint,,,,,,,,,,,,L/2468/2406,%A0247
,B Bind off amount of sleeve joint,,,,,,,,,,,,L/2407/2481,%A0401
,Raglan A.H. curve 1,,,,,,,,,,,,L/2461/2462,%A0039
,Raglan A.H. curve 2,,,,,,,,,,,,L/2464/2465,%A0040
,Raglan A.H. curve 3,,,,,,,,,,,,-,%A0397
,B Raglan A.H. curve 1,,,,,,,,,,,,L/2461/2462,%A0398
,B Raglan A.H. curve 2,,,,,,,,,,,,L/2467/2468,%A0399
,B Raglan A.H. curve 3,,,,,,,,,,,,-,%A0400
,Raglan parallel length,,,,,,,,,,,,L/2435/2461,%A0441
,Raglan curve 1: height,,,,,,,,,,,,Y/2461/2407,%A0442
,Raglan curve 1: width,,,,,,,,,,,,X/2461/2417,%A0443
,Raglan curve 2: height,,,,,,,,,,,,Y/2463/2407,%A0444
,Raglan curve 2: width,,,,,,,,,,,,X/2463/2417,%A0445
,Raglan curve 3: height,,,,,,,,,,,,Y/2465/2407,%A0446
,Raglan curve 3: width,,,,,,,,,,,,X/2465/2417,%A0447
,���O�����Ȑ������@�x,,,,,,,,,,,,SY/2663/201,
,���O�����Ȑ������@�w,,,,,,,,,,,,SX/2663/201,
,,,,,,,,,,,,,,
,,,,,,,,,,,,,,
,,,,,,,,,,,,,,
,,,,,,,,,,,,,,
,,,,,,,,,,,,,,
,,,,,,,,,,,,,,
,,,,,,,,,,,,,,
,,,,,,,,,,,,,,
,,,,,,,,,,,,,,
,,,,,,,,,,,,,,
,,,,,,,,,,,,,,
,3D sleeve: Shoulder size,,,,,,,,,,,,L/3441/3443,%A0128
,3D Machi: Height,,,,,,,,,,,,L/3525/3495,%A0124
,3D Machi: Machi width,,,,,,,,,,,,L/3525/3526,%A0125
,3D Machi: Narrowing difference,,,,,,,,,,,,L/3504/3352,%A0126
,Wid. of shoulder line on 3D slv.,,,,,,,,,,,,L/3477/3476,%A0355
,3D sleeve: Sleeve cap center width,,,,,,,,,,,,L/3561/3573,%A0129
,,,,,,,,,,,,,,
,,,,,,,,,,,,,,
,,,,,,,,,,,,,,
,,,,,,,,,,,,,,
,,,,,,,,,,,,,,
,,,,,,,,,,,,,,
,,,,,,,,,,,,,,
,,,,,,,,,,,,,,
,,,,,,,,,,,,,,
,,,,,,,,,,,,,,
,,,,,,,,,,,,,,
,,,,,,,,,,,,,,
,,,,,,,,,,,,,,
,,,,,,,,,,,,,,
,Epaulet width,,,,,,,,,,,,L/3062/3054,%A0271
,x,,,,,,,,,,,,-,%A0383
,x,,,,,,,,,,,,-,%A0384
,x,,,,,,,,,,,,-,%A0385
,,,,,,,,,,,,,,
,,,0.00,0.00,0.00,0.00,,,,,,,,
,,,,,,,,,,,,,,
,,,,,,,,,,,,,,
,,,,,,,,,,,,,,
,,,,,,,,,,,,,,
,,,,,,,,,,,,,,
,,,,,,,,,,,,,,
,,,,,,,,,,,,,,
,,,,,,,,,,,,,,
,,,,,,,,,,,,,,
,,,,,,,,,,,,,,
,,,,,,,,,,,,,,
,,,,,,,,,,,,,,
,,,,,,,,,,,,,,
,,,,,,,,,,,,,,
,Parachute length,,,,,,,,,,,,Y/2810/2441,%A0303
,@13 No. of panels(Parachute),,,,,,,,,,,,-,%A0058
,@52 Parachute total neck circumference,,,,,,,,,,,,-,%A0403
,@55 Parachute total body circumference,,,,,,,,,,,,-,%A0406
,@53 Parachute total length,,,,,,,,,,,,-,%A0404
,@54 Parachute start length,,,,,,,,,,,,-,%A0405
,,,,,,,,,,,,,,
,,,,,,,,,,,,,,
,,,,,,,,,,,,,,
,,,,,,,,,,,,,,
,,,,,,,,,,,,,,
,,,,,,,,,,,,,,
,,,,,,,,,,,,,,
,,,,,,,,,,,,,,
,,,,,,,,,,,,,,
,,,,,,,,,,,,,,
,,,,,,,,,,,,,,
,,,,,,,,,,,,,,
,�o�X�g�_�[�c����,,0.00,0.00,0.00,0.00,,,,,,,Y/186/108,
,�o�X�g�_�[�c�[��,,0.00,0.00,0.00,0.00,,,,,,,X/108/185,
,Waist dart position (X),,0.00,0.00,0.00,0.00,,,,,,,X/132/120,%A0419
,Waist dart position (Y),,0.00,0.00,0.00,0.00,,,,,,,Y/144/101,%A0420
,Waist dart width,,0.00,0.00,0.00,0.00,,,,,,,X/132/134,%A0421
,Waist dart length (upper),,0.00,0.00,0.00,0.00,,,,,,,Y/133/144,%A0422
,Waist dart length (lower),,0.00,0.00,0.00,0.00,,,,,,,Y/145/144,%A0423
,Waist dart move (top),,0.00,0.00,0.00,0.00,,,,,,,X/133/144,%A0424
,Waist dart move (bottom),,0.00,0.00,0.00,0.00,,,,,,,X/145/144,%A0425
,Waist dart straight part,,0.00,0.00,0.00,0.00,,,,,,,Y/141/143,%A0426
,�O�������Ԃ�����,,0.00,0.00,0.00,0.00,,,,,,,Y/180/182,
,�O�������Ԃ���,,0.00,0.00,0.00,0.00,,,,,,,X/180/181,
,,,,,,,,,,,,,,
,,,,,,,,,,,,,,
,,,,,,,,,,,,,,
,,,,,,,,,,,,,,
,,,,,,,,,,,,,,
,,,,,,,,,,,,,,
,,,,,,,,,,,,,,
,,,,,,,,,,,,,,
,,,,,,,,,,,,,,
,,,,,,,,,,,,,,
,Flechage before Machi: Setting,,0.00,0.00,0.00,0.00,,,,,,,-,%A0113
,Flechage before Machi: Width,,0.00,0.00,0.00,0.00,,,,,,,X/260/263,%A0277
,Flechage before Machi: Upper height,,0.00,0.00,0.00,0.00,,,,,,,Y/263/260,%A0276
,Flechage before Machi: Lower height,,0.00,0.00,0.00,0.00,,,,,,,Y/263/262,%A0274
,Flechage before Machi: Lower top width,,0.00,0.00,0.00,0.00,,,,,,,X/262/263,%A0275
,Flechage before Machi: Lower body width,,0.00,0.00,0.00,0.00,,,,,,,BX/108/121,%A0019
,Flechage before Machi: Lower sleeve width,,0.00,0.00,0.00,0.00,,,,,,,SX/230/201,%A0020
,,,,,,,,,,,,,,
,,,,,,,,,,,,,,
,,,,,,,,,,,,,,
,,,,,,,,,,,,,,
,,,,,,,,,,,,,,
,,,,,,,,,,,,,,
,,,,,,,,,,,,,,
,,,,,,,,,,,,,,
,,,,,,,,,,,,,,
,,,,,,,,,,,,,,
,,,,,,,,,,,,,,
,,,,,,,,,,,,,,
,,,,,,,,,,,,,,
,@51 No. of panels(Cuff),,,,,,,,,,,,-,%C8010
,Joining pos. length,,,,,,,,,,,,C_L/6601/6871,%C8015
,@48 Joining pos. width,,,,,,,,,,,,C_L/6601/6631,%C8007
,@32 Cuff length,,,,,,,,,,,,C_L_ALL2/6898/6871,%C8004
,@50 Cuff width(lower),,,,,,,,,,,,C_L/6870/6871,%C8009
,Panel start size (cuff),,,,,,,,,,,,C_L/6772/6830,%C8017
,Joining pos. straight part,,,,,,,,,,,,C_L/6602/6831,%C8016
,,,,,,,,,,,,,,
,,,,,,,,,,,,,,
,,,,,,,,,,,,,,
,,,,,,,,,,,,,,
,,,,,,,,,,,,,,
,,,,,,,,,,,,,,
,,,,,,,,,,,,,,
,,,,,,,,,,,,,,
,,,,,,,,,,,,,,
,,,,,,,,,,,,,,
,,,,,,,,,,,,,,
,,,,,,,,,,,,,,
,,,,,,,,,,,,,,
,@43 Placket length,,,,,,,,,,,,-,%A0094
,@42 Placket width,,,,,,,,,,,,L/1270/1271,%A0093
,,,,,,,,,,,,,,
,,,,,,,,,,,,,,
,Total No. of buttons,,,,,,,,,,,,-,%A0410
,No. of buttons on collar,,,,,,,,,,,,-,%A0416
,Top button pos.,,,,,,,,,,,,Y/1281/1260,%A0411
,Bottom button pos.,,,,,,,,,,,,Y/1264/1290,%A0412
,Second bottom button pos.,,,,,,,,,,,,-,%A0417
,,,,,,,,,,,,,,
,,,,,,,,,,,,,,
,,,,,,,,,,,,,,
,,,,,,,,,,,,,,
,,,,,,,,,,,,,,
,,,,,,,,,,,,,,
,,,,,,,,,,,,,,
,,,,,,,,,,,,,,
,,,,,,,,,,,,,,
,,,,,,,,,,,,,,
,,,,,,,,,,,,,,
,,,,,,,,,,,,,,
,,,,,,,,,,,,,,
,,,,,,,,,,,,,,
,,,,,,,,,,,,,,
,,,,,,,,,,,,,,
,,,,,,,,,,,,,,
,,,,,,,,,,,,,,
,,,,,,,,,,,,,,
,,,,,,,,,,,,,,
,,,,,,,,,,,,,,
,,,,,,,,,,,,,,
,,,,,,,,,,,,,,
,,,,,,,,,,,,,,
,,,,,,,,,,,,,,
,,,,,,,,,,,,,,
,,,,,,,,,,,,,,
,,,,,,,,,,,,,,
,,,,,,,,,,,,,,
,,,,,,,,,,,,,,
,,,,,,,,,,,,,,
,,,,,,,,,,,,,,
,,,,,,,,,,,,,,
,,,,,,,,,,,,,,
,,,,,,,,,,,,,,
,,,,,,,,,,,,,,
,,,,,,,,,,,,,,
,,,,,,,,,,,,,,
,,,,,,,,,,,,,,
,,,,,,,,,,,,,,
,,,,,,,,,,,,,,
,,,,,,,,,,,,,,
,,,,,,,,,,,,,,
,,,,,,,,,,,,,,
,,,,,,,,,,,,,,
,,,,,,,,,,,,,,
,,,,,,,,,,,,,,
,,,,,,,,,,,,,,
,,,,,,,,,,,,,,
,,,,,,,,,,,,,,
,,,,,,,,,,,,,,
,,,,,,,,,,,,,,
,,,,,,,,,,,,,,
,,,,,,,,,,,,,,
,,,,,,,,,,,,,,
,,,,,,,,,,,,,,
,,,,,,,,,,,,,,
,,,,,,,,,,,,,,
,,,,,,,,,,,,,,
,,,,,,,,,,,,,,
,,,,,,,,,,,,,,
,@20 No. of panels(Flared skirt),,,,,,,,,,,,-,%B7011
,Pants length,,,,,,,,,,,,Y/4792/4751,%B7052
T056,Skirt length,,,,,,,,,,,,Y/1804/1807,%B7053
,@26 Waist width(Bottoms),,,,,,,,,,,,BX/1804/1843,%B7014
,,,,,,,,,,,,,,
T055,Ease for waist width,,,,,,,,,,,,BX/1804/1843,%B7044
T058,Skirt waist back drop,,,,,,,,,,,,Y/1854/1850,%B7055
,Hip length(Bottoms),,,,,,,,,,,,Y/4751/4766,%B7047
,Hip width(Bottoms),,,,,,,,,,,,BX/4766/4756,%B7048
,Knee pos. from top,,,,,,,,,,,,Y/4792/4767,%B7049
,Knee width,,,,,,,,,,,,L/4767/4760,%B7050
,@31 Hem length(Bottoms),,,,,,,,,,,,Y/1808/1805,%B7016
,@49 Hem width(Bottoms),,,,,,,,,,,,X/4762/4763,%B7064
,@49 Skirt hem width(F+B),,,,,,,,,,,,,%B7019
,,,,,,,,,,,,,,
,,,,,,,,,,,,,,
,,,,,,,,,,,,,,
,,,,,,,,,,,,,,
,,,,,,,,,,,,,,
,,,,,,,,,,,,,,
,,,,,,,,,,,,,,
,,,,,,,,,,,,,,
,,,,,,,,,,,,,,
,,,,,,,,,,,,,,
,,,,,,,,,,,,,,
,,,,,,,,,,,,,,
,,,,,,,,,,,,,,
,,,,,,,,,,,,,,
,,,,,,,,,,,,,,
,,,,,,,,,,,,,,
,@68 Belt width,,,,,,,,,,,,Y/554/555,%B7040
,@69 Belt type,,,,,,,,,,,,-,%B7002
,Belt separate part,,,,,,,,,,,,-,%B7060
,x,,,,,,,,,,,,X/606/608,%B7059
T057,Dart pos. from center(Bottoms),,,,,,,,,,,,X/552/550,%B7043
,Waist darts length(Bottoms),,,,,,,,,,,,Y/550/553,%B7056
,Waist darts width(Bottoms),,,,,,,,,,,,X/552/562,%B7057
,Skirt straight length,,,,,,,,,,,,Y/1821/1806,%B7054
,x,,,,,,,,,,,,-,%B7061
,x,,,,,,,,,,,,-,%B7062
,Side line curve adjust,,,,,,,,,,,,-,%B7063
,x,,,,,,,,,,,,,%A0357
,Bind off width(Pants),,,,,,,,,,,,X/4757/4758,%B7041
,Length above crotch,,,,,,,,,,,,Y/4754/4758,%B7051
,Crotch width,,,,,,,,,,,,X/4765/4758,%B7042
,@22 Machi type(Pants),,,,,,,,,,,,-,%B7012
,Back flechage height,,,,,,,,,,,,Y/4701/4704,%B7039
,,,,,,,,,,,,,,
,,,,,,,,,,,,,,
,,,,,,,,,,,,,,
,,,,,,,,,,,,,,
,,,,,,,,,,,,,,
,,,,,,,,,,,,,,
,,,,,,,,,,,,,,
,,,,,,,,,,,,,,
,,,,,,,,,,,,,,
,,,,,,,,,,,,,,
,,,,,,,,,,,,,,
,,,,,,,,,,,,,,
,,,,,,,,,,,,,,
,,,,,,,,,,,,,,
,,,,,,,,,,,,,,
,,,,,,,,,,,,,,
,,,,,,,,,,,,,,
,,,,,,,,,,,,,,
,,,,,,,,,,,,,,
,,,,,,,,,,,,,,
,,,,,,,,,,,,,,
,,,,,,,,,,,,,,
,,,,,,,,,,,,,,
,,,,,,,,,,,,,,
,,,,,,,,,,,,,,
,,,,,,,,,,,,,,
,,,,,,,,,,,,,,
,,,,,,,,,,,,,,
,,,,,,,,,,,,,,
,,,,,,,,,,,,,,
,,,,,,,,,,,,,,
,,,,,,,,,,,,,,
,,,,,,,,,,,,,,
T059,Head circumference,,,,,,,,,,,,RepX/2/2/RepX/5/5,%A0285
T060,Ease for H.C.,,,,,,,,,,,,RepX/2/2/RepX/5/5,%A0269
,Total length,,,,,,,,,,,,Y/1/11,%A0338
T061,Length of curve part,,,,,,,,,,,,Y/1/6,%A0287
T062,Adjust for panel line,,,,,,,,,,,,X/8/1,%A0235
,,,,,,,,,,,,,-,%A0096
,,,,,,,,,,,,,-,%A0270
,,,,,,,,,,,,,,
,,,,,,,,,,,,,,
,,,,,,,,,,,,,,
,,,,,,,,,,,,,,
,,,,,,,,,,,,,,
,,,,,,,,,,,,,,
,,,,,,,,,,,,,,
,,,,,,,,,,,,,,
,,,,,,,,,,,,,,
,,,,,,,,,,,,,,
,,,,,,,,,,,,,,
,,,,,,,,,,,,,,
,,,,,,,,,,,,,,
,$ (Neck drop),,,,,,,,,,,,-,%A0010
,Front neckline circumference,,0.00,0.00,0.00,0.00,,,,,,,-,%A0407
,Back neckline circumference,,3.50,3.31,3.50,3.70,,,,,,,-,%A0408
,,,,,,,,,,,,,,
,,,,,,,,,,,,,,
,$ (Height of A.H.),,7.3125,6.96875,7.3125,7.65625,,,,,,,Y/102/107,%A0018
,$ (Height of front A.H.),,7.30,6.98,7.30,7.65,,,,,,,-,%A0007
,$ (Height of back A.H.),,7.70,7.38,7.70,8.23,,,,,,,-,%A0005
,$ (Perimeter of A.H.),,17.07,16.10,17.07,18.28,,,,,,,-,%A0011
,,,,,,,,,,,,,,
,,,,,,,,,,,,,,
,-,,,,,,,,,,,,-,%A0409
,,,,,,,,,,,,,,
,,,,,,,,,,,,,,
,,,,,,,,,,,,,,
,$ (Perimeter of sleeve cap),,17.29,16.32,17.29,18.53,,,,,,,-,%A0012
T041,$ (Height of sleeve cap),,5.40,5.15,5.40,5.82,,,,,,,-,%A0008
,$ (Fullness of sleeve cap),,0.23,0.21,0.23,0.24,,,,,,,-,%A0004
,$ (Length of flat sleeve cap),,,,,,,,,,,,-,%A0009
,,,,,,,,,,,,,,
,,,,,,,,,,,,,,
,$ (Flechage before Machi: Upper body width),,,,,,,,,,,,BX/264/260/BX/107/121,%A0021
T015,$ (Raglan straight length),,,,,,,,,,,,L/2407/2447,%A0014
T053,$ (Raglan straight len. from CBN),,,,,,,,,,,,L/2407/2431,%A0013
T054,$ (Sleeve len. straight from CBN),,,,,,,,,,,,L/2497/2431,%A0017
,,,,,,,,,,,,,,
,,,,,,,,,,,,,,
,,,,,,,,,,,,,,
,,,,,,,,,,,,,,
,,,,,,,,,,,,,,
,,,,,,,,,,,,,,
,,,,,,,,,,,,,,
,,,,,,,,,,,,,,
,,,,,,,,,,,,,,
,,,,,,,,,,,,,,
,,,,,,,,,,,,,,
,,,,,,,,,,,,,,
,,,,,,,,,,,,,,
,,,,,,,,,,,,,,
,,,,,,,,,,,,,,
,,,,,,,,,,,,,,
,,,,,,,,,,,,,,
,,,,,,,,,,,,,,
,,,,,,,,,,,,,,
,,,,,,,,,,,,,,
,,,,,,,,,,,,,,
,,,,,,,,,,,,,,
,,,,,,,,,,,,,,
,,,,,,,,,,,,,,
,,,,,,,,,,,,,,
,,,,,,,,,,,,,,
,,,,,,,,,,,,,,
,,,,,,,,,,,,,,
,,,,,,,,,,,,,,
,,,,,,,,,,,,,,
,,,,,,,,,,,,,,
,,,,,,,,,,,,,,
,,,,,,,,,,,,,,
,,,,,,,,,,,,,,
,,,,,,,,,,,,,,
,,,,,,,,,,,,,,
,,,,,,,,,,,,,,
,,,,,,,,,,,,,,
,,,,,,,,,,,,,,
,,,,,,,,,,,,,,
,,,,,,,,,,,,,,
,,,,,,,,,,,,,,
,,,,,,,,,,,,,,
,,,,,,,,,,,,,,
,,,,,,,,,,,,,,
,,,,,,,,,,,,,,
,,,,,,,,,,,,,,
,,,,,,,,,,,,,,
,,,,,,,,,,,,,,
,,,,,,,,,,,,,,
,,,,,,,,,,,,,,
,,,,,,,,,,,,,,
,,,,,,,,,,,,,,
,,,,,,,,,,,,,,
,,,,,,,,,,,,,,
,,,,,,,,,,,,,,
,,,,,,,,,,,,,,
,,,,,,,,,,,,,,
,,,,,,,,,,,,,,
,,,,,,,,,,,,,,
,,,,,,,,,,,,,,
,,,,,,,,,,,,,,
,,,,,,,,,,,,,,
,,,,,,,,,,,,,,
,,,,,,,,,,,,,,
,,,,,,,,,,,,,,
,,,,,,,,,,,,,,
,,,,,,,,,,,,,,
,,,,,,,,,,,,,,
,,,,,,,,,,,,,,
,,,,,,,,,,,,,,
,,,,,,,,,,,,,,
,,,,,,,,,,,,,,
,,,,,,,,,,,,,,
,,,,,,,,,,,,,,
,@11 Style,11,2,2,2,2,2,2,2,2,2,2,-,%A0001
G001,@3# Wale size(Stitches),30,17,17,17,17,17,17,17,17,17,17,-,%A0072
G002,@4# Wale size,3.9370,1.0000,1.0000,1.0000,1.0000,1.0000,1.0000,1.0000,1.0000,1.0000,1.0000,-,%A0087
G003,@5# Course size(Stitches),40,22,22,22,22,22,22,22,22,22,22,-,%A0100
G004,@6# Course size,3.9370,1.0000,1.0000,1.0000,1.0000,1.0000,1.0000,1.0000,1.0000,1.0000,1.0000,-,%A0101
,,,,,,,,,,,,,,
,@11 �X�^�C��B,,,,,,,,,,,,-,-
,@3# �Q�[�WX�ڐ�B,,,,,,,,,,,,-,-
,@4# �Q�[�WX���@B,,,,,,,,,,,,-,-
,@5# �Q�[�WY�ڐ�B,,,,,,,,,,,,-,-
,@6# �Q�[�WY���@B,,,,,,,,,,,,-,-
,,,,,,,,,,,,,,
,@11 �X�^�C��C,,,,,,,,,,,,-,-
,@3# �Q�[�WX�ڐ�C,,,,,,,,,,,,-,-
,@4# �Q�[�WX���@C,,,,,,,,,,,,-,-
,@5# �Q�[�WY�ڐ�C,,,,,,,,,,,,-,-
,@6# �Q�[�WY���@C,,,,,,,,,,,,-,-
,,,,,,,,,,,,,,
,,,,,,,,,,,,,,
,,,,,,,,,,,,,,
,,,,,,,,,,,,,,
,,,,,,,,,,,,,,
,,,,,,,,,,,,,,
,,,,,,,,,,,,,,
,,,,,,,,,,,,,,
,,,,,,,,,,,,,,
,,,,,,,,,,,,,,
,,,,,,,,,,,,,,
,,,,,,,,,,,,,,
,,,,,,,,,,,,,,
,Pattern Version,3,,,,,,,,,,,-,%A0413
,@73 Knit Data,0,1,1,1,1,1,1,1,1,1,1,-,%A0036
,@16 Use Rib Data -> 1,0,0,0,0,0,0,0,0,0,0,0,-,%A0062
,,,,,,,,,,,,,,
,KIKAKU,0,0,0,0,0,0,0,0,0,0,0,-,%A0035
,@2 Sleeve:Body ratio,7,7,7,7,7,7,7,7,7,7,7,-,%A0067
,F and B diff. shapes,1,0,0,0,0,0,0,0,0,0,0,-,%A0027
,@14 Machi type(Sweater),3,3,3,3,3,3,3,3,3,3,3,-,%A0059
,Sleeve type,,,,,,,,,,,,-,%A0052
,@17 Neck type,4,4,4,4,4,4,4,4,4,4,4,-,%A0063
,Back neck type,,,,,,,,,,,,-,%A0365
,@65 T_Sleeve Setting,,0,0,0,0,0,0,0,0,0,0,-,%A0415
,SETIN-B�����ݒ�,,,,,,,,,,,,,-
,@19 A.H. start type,,,,,,,,,,,,-,%A0066
,�Z�b�g�C���a�@���₵�ݒ�,,,,,,,,,,,,-,-
,,,,,,,,,,,,,,
,@72 Width of sleeve cap setting,,0,0,0,0,0,0,0,0,0,0,-,%A0427
,,,,,,,,,,,,,,
,@67 Shoulder dart setting,,,,,,,,,,,,L/2401/2402/L/2621/2607,%A0050
,,,,,,,,,,,,,,
,@66 Waist dart setting,,0,0,0,0,0,0,0,0,0,0,-,%A0418
,�o�X�g�_�[�c�ݒ�,,,,,,,,,,,,,
,�O�������Ԃ��ݒ�,,,,,,,,,,,,,
,,,,,,,,,,,,,,
,,,,,,,,,,,,,,
,,,,,,,,,,,,,,
,,,,,,,,,,,,,,
,,,,,,,,,,,,,,
,,,,,,,,,,,,,,
,,,,,,,,,,,,,,
,,,,,,,,,,,,,,
,,,,,,,,,,,,,,
,,,,,,,,,,,,,,
,,,,,,,,,,,,,,
,,,,,,,,,,,,,,
,,,,,,,,,,,,,,
,,,,,,,,,,,,,,
,,,,,,,,,,,,,,
,,,,,,,,,,,,,,
,,,,,,,,,,,,,,
,,,,,,,,,,,,,,
,,,,,,,,,,,,,,
,,,,,,,,,,,,,,
,,,,,,,,,,,,,,
,,,,,,,,,,,,,,
,,,,,,,,,,,,,,
,,,,,,,,,,,,,,
,,,,,,,,,,,,,,
,,,,,,,,,,,,,,
,,,,,,,,,,,,,,
,,,,,,,,,,,,,,
,,,,,,,,,,,,,,
,,,,,,,,,,,,,,
,,,,,,,,,,,,,,
,,,,,,,,,,,,,,
,,,,,,,,,,,,,,
,,,,,,,,,,,,,,
,,,,,,,,,,,,,,
,,,,,,,,,,,,,,
,,,,,,,,,,,,,,
,@15 SP neck total width,,0.00,0.00,0.00,0.00,,,,,,,-,%A0060
,@18 A.H. trim total width,,,,,,,,,,,,X/103/3643,%A0064
,@56 Waist total width,,,,,,,,,,,,BX/1804/1843,%B7076
,@57 Skirt total length,,,,,,,,,,,,Y/1804/1807,%B7077
,@61 Hip total length,,,,,,,,,,,,Y/1804/1813,%B7081
,@60 Hip total width,,,,,,,,,,,,BX/1804/1813,%B7080
,@63 Knee total length,,,,,,,,,,,,Y/1807/1812,%B7083
,@62 Knee total width,,,,,,,,,,,,BX/1807/1812,%B7082
,@59 Hem total width,,,,,,,,,,,,BX/1082/1801,%B7079
,@58 Skirt straight total length,,,,,,,,,,,,Y/1821/1806,%B7078
,Waist pos. from top(for tunic cal.),,,,,,,,,,,,-,%A0366
,Waist width(for tunic cal.),,,,,,,,,,,,-,%A0367
,@31 Hem total length,,1.97,1.97,1.97,1.97,,,,,,,Y/2415/2492,%A0439
,@32 Cuff total length,,1.97,1.97,1.97,1.97,,,,,,,L/2496/2484,%A0440
,@31 Hem total length(Bottoms),,,,,,,,,,,,-,%B7084
,,,,,,,,,,,,,,
,,,,,,,,,,,,,,
,,,,,,,,,,,,,,
,,,,,,,,,,,,,,
,,,,,,,,,,,,,,
,,,,,,,,,,,,,,
,,,,,,,,,,,,,,
,,,,,,,,,,,,,,
,,,,,,,,,,,,,,
,,,,,,,,,,,,,,
,,,,,,,,,,,,,,
,,,,,,,,,,,,,,
,,,,,,,,,,,,,,
,,,,,,,,,,,,,,
,,,,,,,,,,,,,,
,,,,,,,,,,,,,,
,,,,,,,,,,,,,,
,,,,,,,,,,,,,,
,,,,,,,,,,,,,,
,,,,,,,,,,,,,,
,,,,,,,,,,,,,,
,,,,,,,,,,,,,,
,,,,,,,,,,,,,,
,,,,,,,,,,,,,,
,,,,,,,,,,,,,,
,,,,,,,,,,,,,,
,,,,,,,,,,,,,,
,,,,,,,,,,,,,,
,,,,,,,,,,,,,,
,,,,,,,,,,,,,,
,,,,,,,,,,,,,,
,,,,,,,,,,,,,,
,,,,,,,,,,,,,,
,,,,,,,,,,,,,,
,,,,,,,,,,,,,,
,,,,,,,,,,,,,,
,,,,,,,,,,,,,,
,,,,,,,,,,,,,,
,,,,,,,,,,,,,,
,,,,,,,,,,,,,,
,,,,,,,,,,,,,,
,,,,,,,,,,,,,,
,,,,,,,,,,,,,,
,,,,,,,,,,,,,,
,,,,,,,,,,,,,,
S001,@39 Seam allow.:Collar,,,,,,,,,,,,L/126/125/L/125/554/L/554/553/L/553/552/L/552/551/BX/551/560,%A0086
S002,Seam allow.:Shoulder,,,,,,,,,,,,L/102/101,%A0318
S008,@38 Seam allow.:A.H.,,,,,,,,,,,,L/127/102/L/102/103/L/103/105/L/105/106/L/106/107,%A0084
S004,@37 Seam allow.:Waist line,,,,,,,,,,,,L/116/115/L/115/114/L/114/111/L/111/109/L/109/108/L/108/107,%A0083
S009,@41 Seam allow.:Sleeve cap,,,,,,,,,,,,L/228/2121/L/2121/2125/L/2125/223/L/223/203/L/203/2105,%A0091
S006,@40 Seam allow.:Under arm,,,,,,,,,,,,L/292/293/L/293/230/L/230/229,%A0089
S003,Seam allow.:Raglan line,,,,,,,,,,,,-,%A0402
,Seam allow.: Waist,,,,,,,,,,,,-,%A0310
,Seam allow.: Waist belt,,,,,,,,,,,,-,%B7008
S007,@37 Seam allow.:Cap,,,,,,,,,,,,LL/1/11/7,%A0082
,,,,,,,,,,,,,,
,,,,,,,,,,,,,,
,,,,,,,,,,,,,,
,,,,,,,,,,,,,,
,,,,,,,,,,,,,,
,,,,,,,,,,,,,,
,,,,,,,,,,,,,,
,,,,,,,,,,,,,,
,,,,,,,,,,,,,,
,,,,,,,,,,,,,,
,,,,,,,,,,,,,,
,,,,,,,,,,,,,,
,,,,,,,,,,,,,,
,,,,,,,,,,,,,,
,,,,,,,,,,,,,,
,,,,,,,,,,,,,,
,,,,,,,,,,,,,,
,,,,,,,,,,,,,,
,,,,,,,,,,,,,,
,,,,,,,,,,,,,,
,,,,,,,,,,,,,,
,,,,,,,,,,,,,,
,,,,,,,,,,,,,,
,,,,,,,,,,,,,,
,,,,,,,,,,,,,,
,,,,,,,,,,,,,,
,,,,,,,,,,,,,,
,,,,,,,,,,,,,,
,,,,,,,,,,,,,,
,,,,,,,,,,,,,,
,,,,,,,,,,,,,,
,,,,,,,,,,,,,,
,,,,,,,,,,,,,,
,,,,,,,,,,,,,,
,,,,,,,,,,,,,,
,,,,,,,,,,,,,,
,,,,,,,,,,,,,,
,,,,,,,,,,,,,,
,,,,,,,,,,,,,,
,,,,,,,,,,,,,,
,,,,,,,,,,,,,,
,,,,,,,,,,,,,,
,,,,,,,,,,,,,,
,,,,,,,,,,,,,,
,,,,,,,,,,,,,,
,,,,,,,,,,,,,,
,,,,,,,,,,,,,,
,,,,,,,,,,,,,,
,,,,,,,,,,,,,,
,,,,,,,,,,,,,,
,,,,,,,,,,,,,,
,,,,,,,,,,,,,,
,,,,,,,,,,,,,,
,,,,,,,,,,,,,,
,,,,,,,,,,,,,,
,,,,,,,,,,,,,,
,,,,,,,,,,,,,,
,,,,,,,,,,,,,,
,,,,,,,,,,,,,,
,,,,,,,,,,,,,,
,,,,,,,,,,,,,,
,,,,,,,,,,,,,,
,,,,,,,,,,,,,,
,,,,,,,,,,,,,,
,,,,,,,,,,,,,,
,,,,,,,,,,,,,,
,,,,,,,,,,,,,,
,,,,,,,,,,,,,,
,,,,,,,,,,,,,,
,,,,,,,,,,,,,,
,,,,,,,,,,,,,,
,,,,,,,,,,,,,,
,,,,,,,,,,,,,,
,,,,,,,,,,,,,,
,,,,,,,,,,,,,,
,,,,,,,,,,,,,,
,,,,,,,,,,,,,,
,,,,,,,,,,,,,,
,,,,,,,,,,,,,,
,,,,,,,,,,,,,,
,,,,,,,,,,,,,,
,,,,,,,,,,,,,,
,,,,,,,,,,,,,,
,,,,,,,,,,,,,,
,,,,,,,,,,,,,,
,,,,,,,,,,,,,,
,,,,,,,,,,,,,,
,,,,,,,,,,,,,,
,,,,,,,,,,,,,,
,,,,,,,,,,,,,,
,,,,,,,,,,,,,,
,,,,,,,,,,,,,,
,,,,,,,,,,,,,,
,,,,,,,,,,,,,,
,,,,,,,,,,,,,,
,,,,,,,,,,,,,,
,,,,,,,,,,,,,,
,,,,,,,,,,,,,,
,,,,,,,,,,,,,,
,,,,,,,,,,,,,,
,,,,,,,,,,,,,,
,,,,,,,,,,,,,,
,,,,,,,,,,,,,,
,,,,,,,,,,,,,,
,,,,,,,,,,,,,,
,,,,,,,,,,,,,,
,,,,,,,,,,,,,,
,,,,,,,,,,,,,,
,,,,,,,,,,,,,,
,,,,,,,,,,,,,,
,,,,,,,,,,,,,,
,,,,,,,,,,,,,,
,,,,,,,,,,,,,,
,,,,,,,,,,,,,,
,,,,,,,,,,,,,,
,,,,,,,,,,,,,,
,,,,,,,,,,,,,,
,,,,,,,,,,,,,,
,,,,,,,,,,,,,,
,,,,,,,,,,,,,,
,,,,,,,,,,,,,,
,,,,,,,,,,,,,,
,,,,,,,,,,,,,,
,,,,,,,,,,,,,,
,,,,,,,,,,,,,,
,,,,,,,,,,,,,,
,,,,,,,,,,,,,,
,,,,,,,,,,,,,,
,,,,,,,,,,,,,,
,,,,,,,,,,,,,,
,,,,,,,,,,,,,,
,,,,,,,,,,,,,,
,,,,,,,,,,,,,,
,,,,,,,,,,,,,,
,,,,,,,,,,,,,,
,,,,,,,,,,,,,,
,,,,,,,,,,,,,,
,,,,,,,,,,,,,,
,,,,,,,,,,,,,,
,,,,,,,,,,,,,,
,ADJ. F AH,,,0.5984,0.5984,,0.5984,,,,,,-,%A0108
,ADJ. X F SHLD.,,,0,0,,0,,,,,,-,%A0109
,ADJ. Y F SHLD.,,,,,,,,,,,,-,%A0110
,F shoulder knitting offset value,,,0.2323,,,0.2323,,,,,,-,%A0112
,Neck pos.X,,,0.7874,0.7874,,0.7874,,,,,,-,%A0115
,Neck pos.Y,,,0.4646,0.4646,,0.4646,,,,,,-,%A0116
,Shuolder knitting parameter,,,,,,,,,,,,-,%A0119
,,,,,,,,,,,,,,
,,,,,,,,,,,,,,
,,,,,,,,,,,,,,
,,,,,,,,,,,,,,
,,,,,,,,,,,,,,
,,,,,,,,,,,,,,
,,,,,,,,,,,,,,
,,,,,,,,,,,,,,
,,,,,,,,,,,,,,
,,,,,,,,,,,,,,
,,,,,,,,,,,,,,
,,,,,,,,,,,,,,
,,,,,,,,,,,,,,
,,,,,,,,,,,,,,
,,,,,,,,,,,,,,
,,,,,,,,,,,,,,
,,,,,,,,,,,,,,
,,,,,,,,,,,,,,
,,,,,,,,,,,,,,
,,,,,,,,,,,,,,
,,,,,,,,,,,,,,
,,,,,,,,,,,,,,
,,,,,,,,,,,,,,
,,,,,,,,,,,,,,
,,,,,,,,,,,,,,
,,,,,,,,,,,,,,
,,,,,,,,,,,,,,
,,,,,,,,,,,,,,
,,,,,,,,,,,,,,
,,,,,,,,,,,,,,
,,,,,,,,,,,,,,
,,,,,,,,,,,,,,
,,,,,,,,,,,,,,
,,,,,,,,,,,,,,
,,,,,,,,,,,,,,
,,,,,,,,,,,,,,
,,,,,,,,,,,,,,
,,,,,,,,,,,,,,
,,,,,,,,,,,,,,
,,,,,,,,,,,,,,
,,,,,,,,,,,,,,
,,,,,,,,,,,,,,
,,,,,,,,,,,,,,
,,,,,,,,,,,,,,
,,,,,,,,,,,,,,
,,,,,,,,,,,,,,
,,,,,,,,,,,,,,
,,,,,,,,,,,,,,
,,,,,,,,,,,,,,
,,,,,,,,,,,,,,
,,,,,,,,,,,,,,
,,,,,,,,,,,,,,
,,,,,,,,,,,,,,
,,,,,,,,,,,,,,
,,,,,,,,,,,,,,
,,,,,,,,,,,,,,
,,,,,,,,,,,,,,
,,,,,,,,,,,,,,
,,,,,,,,,,,,,,
,,,,,,,,,,,,,,
,,,,,,,,,,,,,,
,,,,,,,,,,,,,,
,,,,,,,,,,,,,,
,,,,,,,,,,,,,,
,,,,,,,,,,,,,,
,,,,,,,,,,,,,,
,,,,,,,,,,,,,,
,,,,,,,,,,,,,,
,,,,,,,,,,,,,,
,,,,,,,,,,,,,,
,,,,,,,,,,,,,,
,,,,,,,,,,,,,,
,,,,,,,,,,,,,,
,,,,,,,,,,,,,,
,,,,,,,,,,,,,,
,,,,,,,,,,,,,,
,,,,,,,,,,,,,,
,,,,,,,,,,,,,,
,,,,,,,,,,,,,,
,,,,,,,,,,,,,,
,,,,,,,,,,,,,,
,,,,,,,,,,,,,,
,,,,,,,,,,,,,,
,,,,,,,,,,,,,,
,,,,,,,,,,,,,,
,,,,,,,,,,,,,,
,,,,,,,,,,,,,,
,,,,,,,,,,,,,,
,,,,,,,,,,,,,,
,,,,,,,,,,,,,,
,,,,,,,,,,,,,,
,,,,,,,,,,,,,,
,,,,,,,,,,,,,,
A001,@30 Adjustment value set,0,99,99,99,99,99,99,99,99,99,99,-,%A0073
,,,,,,,,,,,,,,
,,,,,,,,,,,,,,
,,,,,,,,,,,,,,
,One-piece dress length,105,105,104,105,106,107,,,,,,T_Y/192/101/B_L/4595/4596,%S9001
T001,Body length,,,,,,,,,,,,Y/101/117,%P0251
,Back center length,,,,,,,,,,,,X/4000/4001/Y/3900/3901,%P0389
,Side length,,,,,,,,,,,,Y/107/116,%P0390
T002,@45 Chest width,,,,,,,,,,,,BX/107/117,%P0097
T003,Shoulder width,,,,,,,,,,,,BX/102/117,%P0324
T010,Shoulder drop,,,,,,,,,,,,Y/102/101,%P0323
,Darts width,,,,,,,,,,,,L/4003/4005/L/4033/4035,%P0391
,Bust pos. from top,,,,,,,,,,,,Y/101/103,%P0252
T026,Front bust width,,,,,,,,,,,,BX/103/117,%P0278
T006,Back bust width,,,,,,,,,,,,BX/3/21,%P0241
T005,Back neck width,,,,,,,,,,,,BX/101/117,%P0244
,�O�������\,,,,,,,,,,,,-,-
,Front neck drop (to fabric edge),,,,,,,,,,,,Y/520/101,%P0281
T007,Front neck drop (to linkline),,,,,,,,,,,,Y/520/101,%P0282
T009,Back neck drop ,,,,,,,,,,,,Y/501/1,%P0243
T011,Straight A.H.,,,,,,,,,,,,L/102/107,%P0331
T023,Under arm pos. from top,,,,,,,,,,,,Y/101/107,%P0340
T028,Waist pos. from top,,,,,,,,,,,,Y/101/110,%P0347
T022,@24 Waist width,,,,,,,,,,,,BX/110/117,%P0071
T013,@31 Hem length,,,,,,,,,,,,Y/115/116,%P0074
T012,@24 Hem width,,,,,,,,,,,,BX/116/117,%P0070
,,,,,,,,,,,,,,
,,,,,,,,,,,,,,
,,,,,,,,,,,,,,
,,,,,,,,,,,,,,
,,,,,,,,,,,,,,
,,,,,,,,,,,,,,
,,,,,,,,,,,,,,
,,,,,,,,,,,,,,
,,,,,,,,,,,,,,
,,,,,,,,,,,,,,
,,,,,,,,,,,,,,
,,,,,,,,,,,,,,
,,,,,,,,,,,,,,
,,,,,,,,,,,,,,
,Total sleeve length,,,,,,,,,,,,T_L/202/294/C_L/6898/6662,%S9002
T063,Sleeve length,,,,,,,,,,,,SY/202/215,%P0328
,Total neck to sleeve length,,,,,,,,,,,,T_L/2497/2401/X/2401/2431/C_L/6898/6662,%S9003
T014,Neck to sleeve length,,,,,,,,,,,,L/2497/2401/X/2401/2431,%P0300
T016,@46 Sleeve width,,,,,,,,,,,,SX/229/201,%P0098
T019,@32 Cuff length,,,,,,,,,,,,SY/234/233,%P0075
T017,@47 Cuff width,,,,,,,,,,,,SX/215/234,%P0099
,,,,,,,,,,,,,,
,,,,,,,,,,,,,,
,,,,,,,,,,,,,,
,,,,,,,,,,,,,,
,,,,,,,,,,,,,,
,,,,,,,,,,,,,,
,,,,,,,,,,,,,,
,,,,,,,,,,,,,,
,,,,,,,,,,,,,,
,,,,,,,,,,,,,,
,,,,,,,,,,,,,,
,,,,,,,,,,,,,,
,,,,,,,,,,,,,,
T050,Collar width,,,,,,,,,,,,Y/1001/1002,%P0111
,@9# Collar width,,,,,,,,,,,,Y/1051/1050,%P0120
T042,Straight part(bottom of F neck line),,,,,,,,,,,,BX/521/520,%P0334
,Straight part(bottom of B neck line),,,,,,,,,,,,BX/501/502,%P0333
,SP neck width,,,,,,,,,,,,L/126/567,%P0330
,SP�l�b�N �㌋���ʒu,,,,,,,,,,,,-,-
T043,V neckline adjust,,,,,,,,,,,,L/582/584,%P0343
,V back neckline adjust,,,,,,,,,,,,L/803/804,%P0342
,,,,,,,,,,,,,,
,,,,,,,,,,,,,,
,Neckline vertical size,,,,,,,,,,,,L/125/101,%P0386
,,,,,,,,,,,,,,
T020,Bind off width(front),,,,,,,,,,,,L/107/106,%P0250
T021,Bind off width(back),,,,,,,,,,,,L/7/6,%P0249
,A.H. trim width,,,,,,,,,,,,X/103/3643,%P0131
,@9# A.H. trim width,,,,,,,,,,,,X/103/3643,%P0130
,,,,,,,,,,,,,,
,,,,,,,,,,,,,,
T032,�g���ڗ��Ĕ䗦,,,,,,,,,,,,Y/102/107/Y/107/105,-
T033,��g���ڗ��Ĕ䗦,,,,,,,,,,,,,-
,,,,,,,,,,,,,,
,,,,,,,,,,,,,,
,,,,,,,,,,,,,,
,,,,,,,,,,,,,,
,,,,,,,,,,,,,,
,AH�̐��@������Ƃ�����,,,,,,,,,,,,,
,�������ȁH,,,,,,,,,,,,,
,,,,,,,,,,,,,,
,,,,,,,,,,,,,,
,,,,,,,,,,,,,,
,,,,,,,,,,,,,,
,,,,,,,,,,,,,,
,,,,,,,,,,,,,,
,,,,,,,,,,,,,,
,,,,,,,,,,,,,,
,,,,,,,,,,,,,,
,,,,,,,,,,,,,,
,,,,,,,,,,,,,,
,,,,,,,,,,,,,,
,,,,,,,,,,,,,,
T044,Chest straight part,,,,,,,,,,,,Y/107/108,%P0256
T045,Waist straight part,,,,,,,,,,,,Y/109/111,%P0348
T047,Hem straight part,,,,,,,,,,,,Y/114/115,%P0291
T027,Straight part(sleeve width),,,,,,,,,,,,SY/229/230,%P0337
,,,,,,,,,,,,,,
,,,,,,,,,,,,,,
,,,,,,,,,,,,,,
,,,,,,,,,,,,,,
,,,,,,,,,,,,,,
,,,,,,,,,,,,,,
T039,Diff. of body width(F>B),,,,,,,,,,,,X/107/121/X/7/21,%P0268
T067,Ease for A.H. (back body),,,,,,,,,,,,Y/5/2,%P0325
T068,Ease below front side,,,,,,,,,,,,L/115/114/L/114/111/L/111/109/L/109/108/L/108/107,%P0381
,Len. to turn back F shoulder(N.P.),,,,,,,,,,,,L/101/2051,%P0297
,Len. to turn back F shoulder(S.P.),,,,,,,,,,,,L/102/2052,%P0298
T069,,,,,,,,,,,,,Y/102/103/Y/107/102,
,,,,,,,,,,,,,,
,,,,,,,,,,,,,,
,,,,,,,,,,,,,,
,,,,,,,,,,,,,,
,,,,,,,,,,,,,,
,,,,,,,,,,,,,,
,,,,,,,,,,,,,,
,,,,,,,,,,,,,,
,,,,,,,,,,,,,,
,,,,,,,,,,,,,,
,,,,,,,,,,,,,,
,,,,,,,,,,,,,,
,,,,,,,,,,,,,,
,,,,,,,,,,,,,,
T051,Height of sleeve cap,,,,,,,,,,,,SY/202/201,%P0290
,Width of flat sleeve cap,,,,,,,,,,,,LL2/224/202/LL2/202/204,%P0356
,Width of flat sleeve cap(half body),,,,,,,,,,,,LL2/224/202,%P0438
,,,,,,,,,,,,,,
,Sleeve cap expand width (upper),,,,,,,,,,,,SX/2322/201,%P0245
,Sleeve cap expand width (lower),,,,,,,,,,,,SX/2321/201,%P0246
,,,,,,,,,,,,,,
,,,,,,,,,,,,,,
T052,Fullness of sleeve cap,,,,,,,,,,,,LL/229/202/2321/LL/202/209/2301,%P0284
,,,,,,,,,,,,,,
,,,,,,,,,,,,,,
,,,,,,,,,,,,,,
,Height of sleeve cap width 1,,,,,,,,,,,,SY/201/2323,%P0428
,Sleeve cap width 1,,,,,,,,,,,,SX/2323/201,%P0429
,Height of sleeve cap width 2,,,,,,,,,,,,SY/201/2322,%P0430
,Sleeve cap width 2,,,,,,,,,,,,SX/2322/201,%P0431
,Height of sleeve cap width 3,,,,,,,,,,,,SY/201/2321,%P0432
,Sleeve cap width 3,,,,,,,,,,,,SX/2321/201,%P0433
,Height of sleeve cap width 4,,,,,,,,,,,,SY/201/2320,%P0434
,Sleeve cap width 4,,,,,,,,,,,,SX/2320/201,%P0435
,Height of sleeve cap width 5,,,,,,,,,,,,SY/201/2319,%P0436
,Sleeve cap width 5,,,,,,,,,,,,SX/2319/201,%P0437
,,,,,,,,,,,,,,
,,,,,,,,,,,,,,
,,,,,,,,,,,,,,
,,,,,,,,,,,,,,
,,,,,,,,,,,,,,
,,,,,,,,,,,,,,
,,,,,,,,,,,,,,
,,,,,,,,,,,,,,
,,,,,,,,,,,,,,
,,,,,,,,,,,,,,
,,,,,,,,,,,,,,
,,,,,,,,,,,,,,
T070,Under arm sleeve length,,,,,,,,,,,,SY/229/215,%P0341
,,,,,,,,,,,,,,
T031,Arm length(pair with arm width),,,,,,,,,,,,SY/232/234,%P0236
T030,Sleeve expand width(arm width),,,,,,,,,,,,SX/232/201,%P0327
,,,,,,,,,,,,,,
,,,,,,,,,,,,,,
,,,,,,,,,,,,,,
,,,,,,,,,,,,,,
,,,,,,,,,,,,,,
,,,,,,,,,,,,,,
,,,,,,,,,,,,,,
,,,,,,,,,,,,,,
,,,,,,,,,,,,,,
,,,,,,,,,,,,,,
,,,,,,,,,,,,,,
,,,,,,,,,,,,,,
,Raglan pos.,,,,,,,,,,,,L/2401/2447,%P0309
T038,B Raglan pos.,,,,,,,,,,,,LL/2401/2434/2437,%P0238
,Bind off amount of sleeve joint,,,,,,,,,,,,L/2468/2406,%P0247
,B Bind off amount of sleeve joint,,,,,,,,,,,,L/2407/2481,%P0401
,Raglan A.H. curve 1,,,,,,,,,,,,L/2461/2462,%P0039
,Raglan A.H. curve 2,,,,,,,,,,,,L/2464/2465,%P0040
,Raglan A.H. curve 3,,,,,,,,,,,,-,%P0397
,B Raglan A.H. curve 1,,,,,,,,,,,,L/2461/2462,%P0398
,B Raglan A.H. curve 2,,,,,,,,,,,,L/2467/2468,%P0399
,B Raglan A.H. curve 3,,,,,,,,,,,,-,%P0400
,Raglan parallel length,,,,,,,,,,,,L/2435/2461,%P0441
,Raglan curve 1: height,,,,,,,,,,,,Y/2461/2407,%P0442
,Raglan curve 1: width,,,,,,,,,,,,X/2461/2417,%P0443
,Raglan curve 2: height,,,,,,,,,,,,Y/2463/2407,%P0444
,Raglan curve 2: width,,,,,,,,,,,,X/2463/2417,%P0445
,Raglan curve 3: height,,,,,,,,,,,,Y/2465/2407,%P0446
,Raglan curve 3: width,,,,,,,,,,,,X/2465/2417,%P0447
,���O�����Ȑ������@�x,,,,,,,,,,,,SY/2663/201,
,���O�����Ȑ������@X,,,,,,,,,,,,SX/2663/201,
,,,,,,,,,,,,,,
,,,,,,,,,,,,,,
,,,,,,,,,,,,,,
,,,,,,,,,,,,,,
,,,,,,,,,,,,,,
,,,,,,,,,,,,,,
,,,,,,,,,,,,,,
,,,,,,,,,,,,,,
,,,,,,,,,,,,,,
,,,,,,,,,,,,,,
,,,,,,,,,,,,,,
,3D sleeve: Shoulder size,,,,,,,,,,,,L/3441/3443,%P0128
,3D Machi: Height,,,,,,,,,,,,L/3525/3495,%P0124
,3D Machi: Machi width,,,,,,,,,,,,L/3525/3526,%P0125
,3D Machi: Narrowing difference,,,,,,,,,,,,L/3504/3352,%P0126
,Wid. of shoulder line on 3D slv.,,,,,,,,,,,,L/3477/3476,%P0355
,3D sleeve: Sleeve cap center width,,,,,,,,,,,,L/3561/3573,%P0129
,,,,,,,,,,,,,,
,,,,,,,,,,,,,,
,,,,,,,,,,,,,,
,,,,,,,,,,,,,,
,,,,,,,,,,,,,,
,,,,,,,,,,,,,,
,,,,,,,,,,,,,,
,,,,,,,,,,,,,,
,,,,,,,,,,,,,,
,,,,,,,,,,,,,,
,,,,,,,,,,,,,,
,,,,,,,,,,,,,,
,,,,,,,,,,,,,,
,,,,,,,,,,,,,,
,Epaulet width,,,,,,,,,,,,L/3062/3054,%P0271
,x,,,,,,,,,,,,-,%P0383
,x,,,,,,,,,,,,-,%P0384
,x,,,,,,,,,,,,-,%P0385
,,,,,,,,,,,,,,
,,,,,,,,,,,,,,
,,,,,,,,,,,,,,
,,,,,,,,,,,,,,
,,,,,,,,,,,,,,
,,,,,,,,,,,,,,
,,,,,,,,,,,,,,
,,,,,,,,,,,,,,
,,,,,,,,,,,,,,
,,,,,,,,,,,,,,
,,,,,,,,,,,,,,
,,,,,,,,,,,,,,
,,,,,,,,,,,,,,
,,,,,,,,,,,,,,
,,,,,,,,,,,,,,
,,,,,,,,,,,,,,
,Parachute length,,,,,,,,,,,,Y/2810/2441,%P0303
,@13 �p���V���[�g�͂�����,,,,,,,,,,,,-,-
,@52 �p���V���[�g�܂��葍����,,,,,,,,,,,,-,-
,@55 �p���V���[�g�g��������,,,,,,,,,,,,-,-
,@53 �p���V���[�g����,,,,,,,,,,,,-,-
,@54 Parachute start length,,,,,,,,,,,,-,%P0405
,,,,,,,,,,,,,,
,,,,,,,,,,,,,,
,,,,,,,,,,,,,,
,,,,,,,,,,,,,,
,,,,,,,,,,,,,,
,,,,,,,,,,,,,,
,,,,,,,,,,,,,,
,,,,,,,,,,,,,,
,,,,,,,,,,,,,,
,,,,,,,,,,,,,,
,,,,,,,,,,,,,,
,,,,,,,,,,,,,,
,�o�X�g�_�[�c����,,,,,,,,,,,,,
,�o�X�g�_�[�c�[��,,,,,,,,,,,,,
,Waist dart position (X),,,,,,,,,,,,X/132/120,%P0419
,Waist dart position (Y),,,,,,,,,,,,Y/144/101,%P0420
,Waist dart width,,,,,,,,,,,,X/134/132,%P0421
,Waist dart length (upper),,,,,,,,,,,,Y/144/133,%P0422
,Waist dart length (lower),,,,,,,,,,,,Y/145/144,%P0423
,Waist dart move (top),,,,,,,,,,,,X/133/144,%P0424
,Waist dart move (bottom),,,,,,,,,,,,X/145/144,%P0425
,Waist dart straight part,,,,,,,,,,,,Y/141/143,%P0426
,�O�������Ԃ�����,,,,,,,,,,,,,
,�O�������Ԃ���,,,,,,,,,,,,,
,,,,,,,,,,,,,,
,,,,,,,,,,,,,,
,,,,,,,,,,,,,,
,,,,,,,,,,,,,,
,,,,,,,,,,,,,,
,,,,,,,,,,,,,,
,,,,,,,,,,,,,,
,,,,,,,,,,,,,,
,,,,,,,,,,,,,,
,,,,,,,,,,,,,,
,�O�p�܂��`��ێ�,,,,,,,,,,,,-,-
,Flechage before Machi: Width,,,,,,,,,,,,X/260/263,%P0277
,Flechage before Machi: Upper height,,,,,,,,,,,,Y/263/260,%P0276
,Flechage before Machi: Lower height,,,,,,,,,,,,Y/263/262,%P0274
,Flechage before Machi: Lower top width,,,,,,,,,,,,X/262/263,%P0275
,Flechage before Machi: Lower body width,,,,,,,,,,,,BX/108/121,%P0019
,Flechage before Machi: Lower sleeve width,,,,,,,,,,,,SX/230/201,%P0020
,,,,,,,,,,,,,,
,,,,,,,,,,,,,,
,,,,,,,,,,,,,,
,,,,,,,,,,,,,,
,,,,,,,,,,,,,,
,,,,,,,,,,,,,,
,,,,,,,,,,,,,,
,,,,,,,,,,,,,,
,,,,,,,,,,,,,,
,,,,,,,,,,,,,,
,,,,,,,,,,,,,,
,,,,,,,,,,,,,,
,,,,,,,,,,,,,,
,@51 �����͂�����,,,,,,,,,,,,-,-
,Joining pos. length,,,,,,,,,,,,C_L/6601/6871,%R8015
,@48 Joining pos. width,,,,,,,,,,,,C_L/6601/6631,%R8007
,@32 Cuff length,,,,,,,,,,,,C_L/6870/6871,%R8004
,@50 Cuff width(lower),,,,,,,,,,,,C_L_ALL2/6898/6871,%R8009
,Panel start size (cuff),,,,,,,,,,,,C_L/6772/6830,%R8017
,Joining pos. straight part,,,,,,,,,,,,C_L/6602/6831,%R8016
,,,,,,,,,,,,,,
,,,,,,,,,,,,,,
,,,,,,,,,,,,,,
,,,,,,,,,,,,,,
,,,,,,,,,,,,,,
,,,,,,,,,,,,,,
,,,,,,,,,,,,,,
,,,,,,,,,,,,,,
,,,,,,,,,,,,,,
,,,,,,,,,,,,,,
,,,,,,,,,,,,,,
,,,,,,,,,,,,,,
,,,,,,,,,,,,,,
,@43 Placket length,,,,,,,,,,,,-,%P0094
,@42 Placket width,,,,,,,,,,,,L/1270/1271,%P0093
,,,,,,,,,,,,,,
,,,,,,,,,,,,,,
,���{�^����,,,,,,,,,,,,-,-
,�܃{�^����,,,,,,,,,,,,-,-
,Top button pos.,,,,,,,,,,,,Y/1281/1260,%P0411
,Bottom button pos.,,,,,,,,,,,,Y/1264/1290,%P0412
,Second bottom button pos.,,,,,,,,,,,,-,%P0417
,,,,,,,,,,,,,,
,,,,,,,,,,,,,,
,,,,,,,,,,,,,,
,,,,,,,,,,,,,,
,,,,,,,,,,,,,,
,,,,,,,,,,,,,,
,,,,,,,,,,,,,,
,,,,,,,,,,,,,,
,,,,,,,,,,,,,,
,,,,,,,,,,,,,,
,,,,,,,,,,,,,,
,,,,,,,,,,,,,,
,,,,,,,,,,,,,,
,,,,,,,,,,,,,,
,,,,,,,,,,,,,,
,,,,,,,,,,,,,,
,,,,,,,,,,,,,,
,,,,,,,,,,,,,,
,,,,,,,,,,,,,,
,,,,,,,,,,,,,,
,,,,,,,,,,,,,,
,,,,,,,,,,,,,,
,,,,,,,,,,,,,,
,,,,,,,,,,,,,,
,,,,,,,,,,,,,,
,,,,,,,,,,,,,,
,,,,,,,,,,,,,,
,,,,,,,,,,,,,,
,,,,,,,,,,,,,,
,,,,,,,,,,,,,,
,,,,,,,,,,,,,,
,,,,,,,,,,,,,,
,,,,,,,,,,,,,,
,,,,,,,,,,,,,,
,,,,,,,,,,,,,,
,,,,,,,,,,,,,,
,,,,,,,,,,,,,,
,,,,,,,,,,,,,,
,,,,,,,,,,,,,,
,,,,,,,,,,,,,,
,,,,,,,,,,,,,,
,,,,,,,,,,,,,,
,,,,,,,,,,,,,,
,,,,,,,,,,,,,,
,,,,,,,,,,,,,,
,,,,,,,,,,,,,,
,,,,,,,,,,,,,,
,,,,,,,,,,,,,,
,,,,,,,,,,,,,,
,,,,,,,,,,,,,,
,,,,,,,,,,,,,,
,,,,,,,,,,,,,,
,,,,,,,,,,,,,,
,,,,,,,,,,,,,,
,,,,,,,,,,,,,,
,,,,,,,,,,,,,,
,,,,,,,,,,,,,,
,,,,,,,,,,,,,,
,,,,,,,,,,,,,,
,,,,,,,,,,,,,,
,,,,,,,,,,,,,,
,@20 �X�J�[�g�͂�����,,,,,,,,,,,,-,-
,Pants length,,,,,,,,,,,,Y/4792/4751,%Q7052
T056,Skirt length,,,,,,,,,,,,Y/1804/1807,%Q7053
,@26 Waist width(Bottoms),,,,,,,,,,,,BX/1804/1843,%Q7014
,,,,,,,,,,,,,,
T055,Ease for waist width,,,,,,,,,,,,BX/1804/1843,%Q7044
T058,Skirt waist back drop,,,,,,,,,,,,Y/1854/1850,%Q7055
,Hip length(Bottoms),,,,,,,,,,,,Y/4751/4766,%Q7047
,Hip width(Bottoms),,,,,,,,,,,,BX/4766/4756,%Q7048
,Knee pos. from top,,,,,,,,,,,,Y/4792/4767,%Q7049
,Knee width,,,,,,,,,,,,L/4767/4760,%Q7050
,@31 Hem length(Bottoms),,,,,,,,,,,,Y/1808/1805,%Q7016
,@49 Hem width(Bottoms),,,,,,,,,,,,X/4762/4763,%Q7064
,@49 Skirt hem width(F+B),,,,,,,,,,,,,%Q7019
,,,,,,,,,,,,,,
,,,,,,,,,,,,,,
,,,,,,,,,,,,,,
,,,,,,,,,,,,,,
,,,,,,,,,,,,,,
,,,,,,,,,,,,,,
,,,,,,,,,,,,,,
,,,,,,,,,,,,,,
,,,,,,,,,,,,,,
,,,,,,,,,,,,,,
,,,,,,,,,,,,,,
,,,,,,,,,,,,,,
,,,,,,,,,,,,,,
,,,,,,,,,,,,,,
,,,,,,,,,,,,,,
,,,,,,,,,,,,,,
,@68 Belt width,,,,,,,,,,,,Y/554/555,%Q7040
,@69 �x���g�^�C�v,,,,,,,,,,,,-,-
,�x���g�ʃp�[�c,,,,,,,,,,,,-,-
,�E�G�X�g�x���g�����o��,,,,,,,,,,,,X/606/608,-
T057,Dart pos. from center(Bottoms),,,,,,,,,,,,X/552/550,%Q7043
,Waist darts length(Bottoms),,,,,,,,,,,,Y/550/553,%Q7056
,Waist darts width(Bottoms),,,,,,,,,,,,X/552/562,%Q7057
,Skirt straight length,,,,,,,,,,,,Y/1821/1806,%Q7054
,�^�C�g�̃p�l��,,,,,,,,,,,,-,-
,�p�l���q�b�v���@�ێ�,,,,,,,,,,,,-,-
,Side line curve adjust,,,,,,,,,,,,-,%Q7063
,x,,,,,,,,,,,,,%P0357
,Bind off width(Pants),,,,,,,,,,,,X/4757/4758,%Q7041
,Length above crotch,,,,,,,,,,,,Y/4754/4758,%Q7051
,Crotch width,,,,,,,,,,,,X/4765/4758,%Q7042
,@22 �p���c�܂��^�C�v,,,,,,,,,,,,-,-
,Back flechage height,,,,,,,,,,,,Y/4701/4704,%Q7039
,,,,,,,,,,,,,,
,,,,,,,,,,,,,,
,,,,,,,,,,,,,,
,,,,,,,,,,,,,,
,,,,,,,,,,,,,,
,,,,,,,,,,,,,,
,,,,,,,,,,,,,,
,,,,,,,,,,,,,,
,,,,,,,,,,,,,,
,,,,,,,,,,,,,,
,,,,,,,,,,,,,,
,,,,,,,,,,,,,,
,,,,,,,,,,,,,,
,,,,,,,,,,,,,,
,,,,,,,,,,,,,,
,,,,,,,,,,,,,,
,,,,,,,,,,,,,,
,,,,,,,,,,,,,,
,,,,,,,,,,,,,,
,,,,,,,,,,,,,,
,,,,,,,,,,,,,,
,,,,,,,,,,,,,,
,,,,,,,,,,,,,,
,,,,,,,,,,,,,,
,,,,,,,,,,,,,,
,,,,,,,,,,,,,,
,,,,,,,,,,,,,,
,,,,,,,,,,,,,,
,,,,,,,,,,,,,,
,,,,,,,,,,,,,,
,,,,,,,,,,,,,,
,,,,,,,,,,,,,,
,,,,,,,,,,,,,,
T059,Head circumference,,,,,,,,,,,,RepX/2/2/RepX/5/5,%P0285
T060,Ease for H.C.,,,,,,,,,,,,RepX/2/2/RepX/5/5,%P0269
,Total length,,,,,,,,,,,,Y/1/11,%P0338
T061,Length of curve part,,,,,,,,,,,,Y/1/6,%P0287
T062,Adjust for panel line,,,,,,,,,,,,X/8/1,%P0235
,@44 �͂��`��^�C�v(1 or 2),,,,,,,,,,,,-,-
,@64 �X�q�쐬�^�C�v(0 or 1),,,,,,,,,,,,-,-
,,,,,,,,,,,,,,
,,,,,,,,,,,,,,
,,,,,,,,,,,,,,
,,,,,,,,,,,,,,
,,,,,,,,,,,,,,
,,,,,,,,,,,,,,
,,,,,,,,,,,,,,
,,,,,,,,,,,,,,
,,,,,,,,,,,,,,
,,,,,,,,,,,,,,
,,,,,,,,,,,,,,
,,,,,,,,,,,,,,
,,,,,,,,,,,,,,
